{"_mv_3": 0.6596122657788207, "_mv_5": 0.6430636915339644, "_mv_9": 0.5347840171435566}