{"_mv_3": 0.40233942988960586, "_mv_5": 0.32351586727914505, "_mv_9": 0.21020781729166865}